﻿{
  "$schema": "http://adaptivecards.io/schemas/adaptive-card.json",
  "type": "AdaptiveCard",
  "version": "1.0",
  "body": [
    {
      "type": "Image",
      "url": "https://www.totalmortgage.com/images/logos/tmslogo.png",
      "size": "stretch"
    },
    {
      "type": "TextBlock",
      "spacing": "medium",
      "size": "default",
      "weight": "bolder",
      "text": "Welcome to TMS Bot!",
      "wrap": true,
      "maxLines": 0
    },
    {
      "type": "TextBlock",
      "size": "default",
      "isSubtle": true,
      "text": "Welcome to Welcome Users bot sample! This Introduction card is a great way to introduce your Bot to the user and suggest some things to get them started. We use this opportunity to recommend a few next steps for learning more creating and deploying bots.",
      "wrap": true,
      "maxLines": 0
    }
  ],
  "actions": [
    {
      "type": "Action.Submit",
      "title": "Test here",
      "data": {
          "msteams": {
            "type": "invoke",
            "displayText": "button clicked",
            "text": "text to bots",
            "value": "{\"invokeValue\": \"Good\"}"
        }
      }
    },
    {
      "type": "Action.Submit",
      "title": "Second Test",
      "value": 
        {
          "name": "User"
        }
    }
  ]
}